variable,mean,median,sd,mad,q5,q95,rhat,ess_bulk,ess_tail
delta,0.015878474598740002,0.01691565,0.10093741309205542,0.09302566286999998,-0.1446866,0.1800888499999999,1.000315442698389,7843.361822017593,7740.478570798813
