variable,mean,median,sd,mad,q5,q95,rhat,ess_bulk,ess_tail
delta,0.017043571990230003,0.0182577,0.10185356015147519,0.09207123912,-0.14581619999999998,0.18133939999999998,1.000264148965791,3938.534194632869,3813.8812468255887
