group,estimate,.lower,.upper,.width,.point,.interval
a,-0.0263892,-0.038664517,-0.014906442999999998,0.66,median,qi
lv,0,0,0,0.66,median,qi
rv,0.007542425,0.0021610018999999995,0.012874027,0.66,median,qi
v,0.01106445,-0.0065727225,0.028734229,0.66,median,qi
a,-0.0263892,-0.05145883,-0.0022655345000000254,0.95,median,qi
lv,0,0,0,0.95,median,qi
rv,0.007542425,-0.0034884107499999987,0.018470595,0.95,median,qi
v,0.01106445,-0.0251556125,0.04640495749999998,0.95,median,qi
