group,estimate,.lower,.upper,.width,.point,.interval
a,-0.01113575,-0.022102834,-9.331850899999966e-5,0.66,median,qi
lv,0,0,0,0.66,median,qi
rv,0.00806713,0.0030527830000000003,0.01305177,0.66,median,qi
v,0.01049135,-0.0064329414,0.027472855,0.66,median,qi
a,-0.01113575,-0.03346314749999997,0.01133435499999999,0.95,median,qi
lv,0,0,0,0.95,median,qi
rv,0.00806713,-0.0021721534999999998,0.018405122500000003,0.95,median,qi
v,0.01049135,-0.024893932499999986,0.04634038749999999,0.95,median,qi
