group,estimate,.lower,.upper,.width,.point,.interval
a,-0.02655975,-0.038471159,-0.014495618999999998,0.66,median,qi
lv,0,0,0,0.66,median,qi
rv,0.007146619999999999,0.0017228726999999999,0.012711604000000001,0.66,median,qi
v,0.0109663,-0.0059082956,0.028424337,0.66,median,qi
a,-0.02655975,-0.051157607499999994,-0.001557964750000001,0.95,median,qi
lv,0,0,0,0.95,median,qi
rv,0.007146619999999999,-0.004111828499999998,0.0183121425,0.95,median,qi
v,0.0109663,-0.02425307249999999,0.04677381499999998,0.95,median,qi
