group,estimate,.lower,.upper,.width,.point,.interval
a,-0.01213695,-0.023027018,-0.0014331254,0.66,median,qi
lv,0,0,0,0.66,median,qi
rv,0.008573755,0.003612235,0.013566422000000002,0.66,median,qi
v,0.01064615,-0.006943961300000003,0.027876019,0.66,median,qi
a,-0.01213695,-0.034207507500000005,0.010620997499999996,0.95,median,qi
lv,0,0,0,0.95,median,qi
rv,0.008573755,-0.0016537202499999997,0.018538925,0.95,median,qi
v,0.01064615,-0.02451217999999999,0.04675712,0.95,median,qi
