group,estimate,.lower,.upper,.width,.point,.interval
a,-0.026994400000000002,-0.038600903,-0.014802283,0.66,median,qi
lv,0,0,0,0.66,median,qi
rv,0.0074978300000000005,0.0021652627,0.01290772,0.66,median,qi
v,0.011076550000000001,-0.006737042800000002,0.028843259,0.66,median,qi
a,-0.026994400000000002,-0.051250115,-0.002090289750000012,0.95,median,qi
lv,0,0,0,0.95,median,qi
rv,0.0074978300000000005,-0.00348743725,0.01853914249999999,0.95,median,qi
v,0.011076550000000001,-0.024006957499999995,0.04656679749999999,0.95,median,qi
