group,estimate,.lower,.upper,.width,.point,.interval
a,-0.011054850000000001,-0.022098593,2.519129800000003e-4,0.66,median,qi
lv,0,0,0,0.66,median,qi
rv,0.008199064999999998,0.0031201087999999997,0.013136446,0.66,median,qi
v,0.010536150000000001,-0.006585791300000001,0.027732485,0.66,median,qi
a,-0.011054850000000001,-0.03367315,0.012318834999999998,0.95,median,qi
lv,0,0,0,0.95,median,qi
rv,0.008199064999999998,-0.00237576925,0.0184822875,0.95,median,qi
v,0.010536150000000001,-0.024549612499999998,0.04579267749999999,0.95,median,qi
