group,estimate,.lower,.upper,.width,.point,.interval
a,-0.009519765,-0.020895604,0.0015435892999999998,0.66,median,qi
lv,0,0,0,0.66,median,qi
rv,0.009675975,0.004707313499999999,0.014649352000000001,0.66,median,qi
v,0.0103718,-0.007366531900000001,0.027909417,0.66,median,qi
a,-0.009519765,-0.0326202575,0.013274262499999958,0.95,median,qi
lv,0,0,0,0.95,median,qi
rv,0.009675975,-5.868613e-4,0.020085549999999997,0.95,median,qi
v,0.0103718,-0.024987094999999997,0.04598911749999998,0.95,median,qi
