group,estimate,.lower,.upper,.width,.point,.interval
a,-0.011141,-0.022408438,2.3811869000000022e-4,0.66,median,qi
lv,0,0,0,0.66,median,qi
rv,0.008097585000000001,0.0030138406999999996,0.013274325,0.66,median,qi
v,0.0107229,-0.006848802500000001,0.028075923000000003,0.66,median,qi
a,-0.011141,-0.03357856749999999,0.012288512499999987,0.95,median,qi
lv,0,0,0,0.95,median,qi
rv,0.008097585000000001,-0.0023559002499999996,0.018528072499999992,0.95,median,qi
v,0.0107229,-0.02578941999999999,0.04716259749999999,0.95,median,qi
