group,estimate,.lower,.upper,.width,.point,.interval
a,-0.02488515,-0.036729210000000005,-0.013411820000000001,0.66,median,qi
lv,0,0,0,0.66,median,qi
rv,0.00772078,0.0026951208,0.012809391,0.66,median,qi
v,0.010166000000000001,-0.007137999800000001,0.027411447,0.66,median,qi
a,-0.02488515,-0.04948841749999999,-9.042730250000061e-4,0.95,median,qi
lv,0,0,0,0.95,median,qi
rv,0.00772078,-0.002920723499999999,0.01811425,0.95,median,qi
v,0.010166000000000001,-0.025589902499999984,0.04629678249999998,0.95,median,qi
