group,estimate,.lower,.upper,.width,.point,.interval
a,-0.01110625,-0.021962001000000002,-2.558658499999986e-4,0.66,median,qi
lv,0,0,0,0.66,median,qi
rv,0.00802352,0.0030559846,0.013056069,0.66,median,qi
v,0.0104532,-0.0074607096000000005,0.027998572,0.66,median,qi
a,-0.01110625,-0.033639394999999996,0.011290619999999994,0.95,median,qi
lv,0,0,0,0.95,median,qi
rv,0.00802352,-0.002435700499999999,0.017964389999999997,0.95,median,qi
v,0.0104532,-0.025508615,0.046117325,0.95,median,qi
