group,estimate,.lower,.upper,.width,.point,.interval
a,-0.010990449999999999,-0.022087693000000002,2.9573804000000015e-4,0.66,median,qi
lv,0,0,0,0.66,median,qi
rv,0.00860387,0.0036219283,0.013602717,0.66,median,qi
v,0.0101521,-0.006816000000000001,0.027173652,0.66,median,qi
a,-0.010990449999999999,-0.033026125,0.0118217425,0.95,median,qi
lv,0,0,0,0.95,median,qi
rv,0.00860387,-0.0016248342499999987,0.018756609999999996,0.95,median,qi
v,0.0101521,-0.02513145749999997,0.045605699999999985,0.95,median,qi
