group,estimate,.lower,.upper,.width,.point,.interval
a,-0.0268503,-0.038696731,-0.015086175,0.66,median,qi
lv,0,0,0,0.66,median,qi
rv,0.00703969,0.0016045992999999996,0.012329950000000001,0.66,median,qi
v,0.010855400000000001,-0.006762949700000001,0.028697880000000002,0.66,median,qi
a,-0.0268503,-0.050807704999999995,-0.0027575177500000006,0.95,median,qi
lv,0,0,0,0.95,median,qi
rv,0.00703969,-0.00405856425,0.017900367499999993,0.95,median,qi
v,0.010855400000000001,-0.025607632499999998,0.04695600749999998,0.95,median,qi
