group,estimate,.lower,.upper,.width,.point,.interval
a,-0.02473135,-0.036605707,-0.013138411999999999,0.66,median,qi
lv,0,0,0,0.66,median,qi
rv,0.008046959999999999,0.0028813576,0.013203982000000001,0.66,median,qi
v,0.009910425,-0.0070693804,0.027172214,0.66,median,qi
a,-0.02473135,-0.04856491499999999,-5.965657000000164e-4,0.95,median,qi
lv,0,0,0,0.95,median,qi
rv,0.008046959999999999,-0.0025075699999999976,0.01872614999999999,0.95,median,qi
v,0.009910425,-0.024892842499999977,0.04594128499999999,0.95,median,qi
