group,estimate,.lower,.upper,.width,.point,.interval
a,-0.009617245,-0.020703778000000003,0.0013387368000000004,0.66,median,qi
lv,0,0,0,0.66,median,qi
rv,0.010069,0.0051409769,0.015116068,0.66,median,qi
v,0.010658250000000001,-0.0069002008,0.028053044000000003,0.66,median,qi
a,-0.009617245,-0.03240902,0.013177127499999983,0.95,median,qi
lv,0,0,0,0.95,median,qi
rv,0.010069,-1.4045884999999413e-4,0.0204128,0.95,median,qi
v,0.010658250000000001,-0.025422154999999995,0.04696959249999998,0.95,median,qi
