group,estimate,.lower,.upper,.width,.point,.interval
a,-0.0110302,-0.021992336,3.284231600000008e-4,0.66,median,qi
lv,0,0,0,0.66,median,qi
rv,0.007348515,0.0022682900999999997,0.012450531,0.66,median,qi
v,0.01046625,-0.007104661000000002,0.027832958999999997,0.66,median,qi
a,-0.0110302,-0.033845885000000006,0.01175706249999998,0.95,median,qi
lv,0,0,0,0.95,median,qi
rv,0.007348515,-0.0031628524999999974,0.017762314999999997,0.95,median,qi
v,0.01046625,-0.025086439999999998,0.045064642499999995,0.95,median,qi
