group,estimate,.lower,.upper,.width,.point,.interval
a,-0.0258276,-0.037846794,-0.013895636999999999,0.66,median,qi
lv,0,0,0,0.66,median,qi
rv,0.0076433000000000004,0.0021759835,0.013253102,0.66,median,qi
v,0.0110016,-0.0063900042,0.028844776000000003,0.66,median,qi
a,-0.0258276,-0.050368615,-0.0014303102500000037,0.95,median,qi
lv,0,0,0,0.95,median,qi
rv,0.0076433000000000004,-0.0033261002499999958,0.018680694999999994,0.95,median,qi
v,0.0110016,-0.023548497499999998,0.04748046999999999,0.95,median,qi
