group,estimate,.lower,.upper,.width,.point,.interval
a,-0.024944050000000002,-0.036868496,-0.013087766,0.66,median,qi
lv,0,0,0,0.66,median,qi
rv,0.0077355900000000005,0.0025080867,0.012802099,0.66,median,qi
v,0.010185050000000001,-0.007245733000000001,0.027744338,0.66,median,qi
a,-0.024944050000000002,-0.0485982875,-4.18095375000005e-4,0.95,median,qi
lv,0,0,0,0.95,median,qi
rv,0.0077355900000000005,-0.0029938009999999956,0.018243250000000003,0.95,median,qi
v,0.010185050000000001,-0.024978714999999988,0.04628452749999999,0.95,median,qi
