group,estimate,.lower,.upper,.width,.point,.interval
a,-0.02488655,-0.036358655,-0.013203598,0.66,median,qi
lv,0,0,0,0.66,median,qi
rv,0.007999035,0.0028467224999999996,0.013198808000000001,0.66,median,qi
v,0.01055085,-0.0073201139,0.027107171000000003,0.66,median,qi
a,-0.02488655,-0.04841621249999999,-9.864331750000291e-4,0.95,median,qi
lv,0,0,0,0.95,median,qi
rv,0.007999035,-0.0028771577499999996,0.018772944999999996,0.95,median,qi
v,0.01055085,-0.025406857499999987,0.04571905749999996,0.95,median,qi
