group,estimate,.lower,.upper,.width,.point,.interval
a,-0.011661649999999999,-0.022777654,-9.619533199999997e-4,0.66,median,qi
lv,0,0,0,0.66,median,qi
rv,0.00857522,0.0037095332999999998,0.013480704,0.66,median,qi
v,0.0100871,-0.0067057674,0.027582751000000003,0.66,median,qi
a,-0.011661649999999999,-0.034345272499999996,0.010675667499999987,0.95,median,qi
lv,0,0,0,0.95,median,qi
rv,0.00857522,-0.0015225299999999972,0.018617185,0.95,median,qi
v,0.0100871,-0.02470577749999995,0.04543709999999998,0.95,median,qi
