group,estimate,.lower,.upper,.width,.point,.interval
a,-0.010862549999999999,-0.021850001999999997,1.2948687e-4,0.66,median,qi
lv,0,0,0,0.66,median,qi
rv,0.008271585,0.0032999949999999996,0.013461237000000001,0.66,median,qi
v,0.010877649999999999,-0.006403054500000001,0.027755438,0.66,median,qi
a,-0.010862549999999999,-0.033428072499999996,0.011439619999999996,0.95,median,qi
lv,0,0,0,0.95,median,qi
rv,0.008271585,-0.0020940662499999993,0.018705852499999995,0.95,median,qi
v,0.010877649999999999,-0.025519382499999972,0.04618419499999996,0.95,median,qi
