group,estimate,.lower,.upper,.width,.point,.interval
a,-0.01093585,-0.021995355,3.7285500000000204e-5,0.66,median,qi
lv,0,0,0,0.66,median,qi
rv,0.008116115,0.0029425054,0.01320314,0.66,median,qi
v,0.0106259,-0.0065181446,0.027783965,0.66,median,qi
a,-0.01093585,-0.033389962499999995,0.012105099999999994,0.95,median,qi
lv,0,0,0,0.95,median,qi
rv,0.008116115,-0.0022436662499999986,0.018432059999999997,0.95,median,qi
v,0.0106259,-0.025152284999999996,0.04663604749999999,0.95,median,qi
