group,estimate,.lower,.upper,.width,.point,.interval
a,-0.0123834,-0.022967924,-0.0010137839999999993,0.66,median,qi
lv,0,0,0,0.66,median,qi
rv,0.008628215,0.0036409826000000003,0.013553851,0.66,median,qi
v,0.0101117,-0.0072740784999999995,0.027726494,0.66,median,qi
a,-0.0123834,-0.034496715,0.0114958,0.95,median,qi
lv,0,0,0,0.95,median,qi
rv,0.008628215,-0.0013999869999999999,0.018544014999999997,0.95,median,qi
v,0.0101117,-0.024914435,0.045646707499999994,0.95,median,qi
