group,estimate,.lower,.upper,.width,.point,.interval
a,-0.026358,-0.038333349999999995,-0.014313401999999998,0.66,median,qi
lv,0,0,0,0.66,median,qi
rv,0.00787273,0.0023103699,0.013302570000000001,0.66,median,qi
v,0.010924650000000001,-0.0070593536,0.028693485999999997,0.66,median,qi
a,-0.026358,-0.05078570999999998,-0.0016066112500000044,0.95,median,qi
lv,0,0,0,0.95,median,qi
rv,0.00787273,-0.00329420975,0.018875475,0.95,median,qi
v,0.010924650000000001,-0.024830802500000002,0.04726465499999999,0.95,median,qi
