group,estimate,.lower,.upper,.width,.point,.interval
a,-0.0113107,-0.022004444,-6.638353399999999e-4,0.66,median,qi
lv,0,0,0,0.66,median,qi
rv,0.008378489999999999,0.0034975581,0.013072460999999999,0.66,median,qi
v,0.0101634,-0.006884877100000001,0.027125450000000002,0.66,median,qi
a,-0.0113107,-0.033093744999999994,0.011175549999999994,0.95,median,qi
lv,0,0,0,0.95,median,qi
rv,0.008378489999999999,-0.001703714999999999,0.018282974999999993,0.95,median,qi
v,0.0101634,-0.025704359999999996,0.045569702499999976,0.95,median,qi
