group,estimate,.lower,.upper,.width,.point,.interval
a,-0.011406349999999999,-0.022329998000000004,-1.8310386999999983e-4,0.66,median,qi
lv,0,0,0,0.66,median,qi
rv,0.00751181,0.0024494454,0.012697253,0.66,median,qi
v,0.010490900000000001,-0.0068960806999999995,0.027973925,0.66,median,qi
a,-0.011406349999999999,-0.03366225,0.011638359999999999,0.95,median,qi
lv,0,0,0,0.95,median,qi
rv,0.00751181,-0.0027706544999999967,0.0179680025,0.95,median,qi
v,0.010490900000000001,-0.0251605975,0.04581718499999999,0.95,median,qi
