group,estimate,.lower,.upper,.width,.point,.interval
a,-0.026809100000000002,-0.038784263,-0.014496947000000001,0.66,median,qi
lv,0,0,0,0.66,median,qi
rv,0.00748387,0.0022343651,0.012787329,0.66,median,qi
v,0.0112464,-0.006381196100000002,0.028196546,0.66,median,qi
a,-0.026809100000000002,-0.051422132499999995,-0.0018492705000000085,0.95,median,qi
lv,0,0,0,0.95,median,qi
rv,0.00748387,-0.0034330087499999987,0.018393577499999994,0.95,median,qi
v,0.0112464,-0.024255067499999998,0.04675569749999999,0.95,median,qi
