group,estimate,.lower,.upper,.width,.point,.interval
a,-0.0112271,-0.022419668,-3.7859612999999973e-4,0.66,median,qi
lv,0,0,0,0.66,median,qi
rv,0.007703,0.0027262274000000005,0.012548885,0.66,median,qi
v,0.01047645,-0.0069469655,0.027747571,0.66,median,qi
a,-0.0112271,-0.03432536249999999,0.011249932499999999,0.95,median,qi
lv,0,0,0,0.95,median,qi
rv,0.007703,-0.00249399725,0.018059969999999998,0.95,median,qi
v,0.01047645,-0.024691855,0.04672963749999998,0.95,median,qi
