group,estimate,.lower,.upper,.width,.point,.interval
a,-0.01096255,-0.021496791,-7.217928099999998e-4,0.66,median,qi
lv,0,0,0,0.66,median,qi
rv,0.009292004999999999,0.0045003066,0.013946163,0.66,median,qi
v,0.0104879,-0.006752789500000001,0.027696268,0.66,median,qi
a,-0.01096255,-0.031866087499999994,0.010276322499999997,0.95,median,qi
lv,0,0,0,0.95,median,qi
rv,0.009292004999999999,-6.053919249999994e-4,0.0190898025,0.95,median,qi
v,0.0104879,-0.024753904999999982,0.045596262499999964,0.95,median,qi
