group,estimate,.lower,.upper,.width,.point,.interval
a,-0.00961066,-0.02098748,0.0015947153000000001,0.66,median,qi
lv,0,0,0,0.66,median,qi
rv,0.01019495,0.005279707099999999,0.015112579999999999,0.66,median,qi
v,0.0103554,-0.007255313400000001,0.027592603,0.66,median,qi
a,-0.00961066,-0.03314670749999999,0.013399552499999995,0.95,median,qi
lv,0,0,0,0.95,median,qi
rv,0.01019495,-5.241360499999874e-5,0.020269485,0.95,median,qi
v,0.0103554,-0.02561649,0.04701274499999998,0.95,median,qi
