group,estimate,.lower,.upper,.width,.point,.interval
a,-0.02404085,-0.03585791,-0.012461506,0.66,median,qi
lv,0,0,0,0.66,median,qi
rv,0.008029475,0.002721846,0.013265751,0.66,median,qi
v,0.010297750000000001,-0.0072241676,0.028373936000000002,0.66,median,qi
a,-0.02404085,-0.0478610825,-3.5572855000000824e-4,0.95,median,qi
lv,0,0,0,0.95,median,qi
rv,0.008029475,-0.002512060749999999,0.018461217499999998,0.95,median,qi
v,0.010297750000000001,-0.025265099999999995,0.04685685749999999,0.95,median,qi
