group,estimate,.lower,.upper,.width,.point,.interval
a,-0.011282150000000001,-0.022307369,-1.1769893999999937e-4,0.66,median,qi
lv,0,0,0,0.66,median,qi
rv,0.007632325000000001,0.0026126421999999997,0.012658517,0.66,median,qi
v,0.010589,-0.0066769483,0.027981785999999998,0.66,median,qi
a,-0.011282150000000001,-0.033478257499999976,0.011198014999999995,0.95,median,qi
lv,0,0,0,0.95,median,qi
rv,0.007632325000000001,-0.00290826475,0.017739969999999997,0.95,median,qi
v,0.010589,-0.0247311375,0.046797142499999986,0.95,median,qi
