group,estimate,.lower,.upper,.width,.point,.interval
a,-0.02451345,-0.036120344,-0.012640644999999999,0.66,median,qi
lv,0,0,0,0.66,median,qi
rv,0.00790936,0.0026561074999999993,0.013257060999999999,0.66,median,qi
v,0.01086045,-0.006404829900000001,0.028454036000000002,0.66,median,qi
a,-0.02451345,-0.04857094,-1.5830390000000255e-4,0.95,median,qi
lv,0,0,0,0.95,median,qi
rv,0.00790936,-0.0028896327499999936,0.018862775,0.95,median,qi
v,0.01086045,-0.0243687075,0.04647124249999999,0.95,median,qi
