group,estimate,.lower,.upper,.width,.point,.interval
a,-0.02480015,-0.036737882,-0.012889777,0.66,median,qi
lv,0,0,0,0.66,median,qi
rv,0.008160825,0.0028640777,0.013342050999999999,0.66,median,qi
v,0.01011105,-0.006960289600000001,0.027354036999999998,0.66,median,qi
a,-0.02480015,-0.049169382500000004,-3.449389250000015e-4,0.95,median,qi
lv,0,0,0,0.95,median,qi
rv,0.008160825,-0.002706485249999989,0.018859557499999995,0.95,median,qi
v,0.01011105,-0.0255422525,0.04599232749999999,0.95,median,qi
