group,estimate,.lower,.upper,.width,.point,.interval
a,-0.0268042,-0.03870137,-0.014515005000000001,0.66,median,qi
lv,0,0,0,0.66,median,qi
rv,0.00714561,0.0017270252999999998,0.012591574000000001,0.66,median,qi
v,0.01075725,-0.0062905578,0.028123503000000005,0.66,median,qi
a,-0.0268042,-0.0516111825,-0.0022533025000000015,0.95,median,qi
lv,0,0,0,0.95,median,qi
rv,0.00714561,-0.0038734267499999997,0.018337435,0.95,median,qi
v,0.01075725,-0.024841019999999995,0.046715404999999995,0.95,median,qi
