group,estimate,.lower,.upper,.width,.point,.interval
a,-0.026378949999999998,-0.038683742,-0.014393981,0.66,median,qi
lv,0,0,0,0.66,median,qi
rv,0.00761843,0.0022399212999999994,0.012954454,0.66,median,qi
v,0.01117555,-0.006415727000000001,0.028988695,0.66,median,qi
a,-0.026378949999999998,-0.05102581,-0.00178528375000002,0.95,median,qi
lv,0,0,0,0.95,median,qi
rv,0.00761843,-0.0035862217499999997,0.018561364999999996,0.95,median,qi
v,0.01117555,-0.025033459999999983,0.04725643499999998,0.95,median,qi
