group,estimate,.lower,.upper,.width,.point,.interval
a,-0.0244753,-0.035941461,-0.012581775,0.66,median,qi
lv,0,0,0,0.66,median,qi
rv,0.008107775000000001,0.0029118099000000003,0.013459134,0.66,median,qi
v,0.011891849999999999,-0.005403005399999999,0.029477087,0.66,median,qi
a,-0.0244753,-0.0483557025,-6.2359285000001e-4,0.95,median,qi
lv,0,0,0,0.95,median,qi
rv,0.008107775000000001,-0.0027060782499999997,0.01897858,0.95,median,qi
v,0.011891849999999999,-0.02355577249999999,0.04844450499999999,0.95,median,qi
