group,estimate,.lower,.upper,.width,.point,.interval
a,-0.01091315,-0.02179088,-3.448626099999994e-4,0.66,median,qi
lv,0,0,0,0.66,median,qi
rv,0.00915825,0.0042158783,0.014064804,0.66,median,qi
v,0.01053985,-0.0064962295000000015,0.027835502,0.66,median,qi
a,-0.01091315,-0.03244965,0.010920017499999993,0.95,median,qi
lv,0,0,0,0.95,median,qi
rv,0.00915825,-9.478912749999997e-4,0.0191316375,0.95,median,qi
v,0.01053985,-0.025098629999999993,0.04604619249999999,0.95,median,qi
