group,estimate,.lower,.upper,.width,.point,.interval
a,-0.0260993,-0.038127262,-0.014140126999999999,0.66,median,qi
lv,0,0,0,0.66,median,qi
rv,0.007415725,0.0022123038,0.012872334,0.66,median,qi
v,0.01092315,-0.006680066500000001,0.028147974,0.66,median,qi
a,-0.0260993,-0.050712625,-0.0013018072500000028,0.95,median,qi
lv,0,0,0,0.95,median,qi
rv,0.007415725,-0.0033570899999999966,0.0183784725,0.95,median,qi
v,0.01092315,-0.024831622499999994,0.046247065,0.95,median,qi
